<?xml version="1.0"?>
<!--<!DOCTYPE metadata SYSTEM "http://www.esri.com/metadata/esriprof80.dtd">-->
<metadata xml:lang="de"><Esri><MetaID>{A233B23C-2A63-42C8-ADD2-EB2D155D2D42}</MetaID><CreaDate>20100526</CreaDate><CreaTime>15105500</CreaTime><SyncOnce>TRUE</SyncOnce><DataProperties><lineage><Process ToolSource="C:\Programme\ArcGIS\ArcToolbox\Toolboxes\Conversion Tools.tbx\RasterToPolygon" Date="20100526" Time="151055">RasterToPolygon Calculation E:\Projects\Koeppen_Scenarios\gis\2051-2075-A1FI.shp NO_SIMPLIFY VALUE</Process></lineage></DataProperties></Esri></metadata>
