<?xml version="1.0"?>
<!--<!DOCTYPE metadata SYSTEM "http://www.esri.com/metadata/esriprof80.dtd">-->
<metadata xml:lang="de"><Esri><MetaID>{02F106E0-A935-46AA-AB98-9D9D85B6D7D0}</MetaID><CreaDate>20100526</CreaDate><CreaTime>14041100</CreaTime><SyncOnce>TRUE</SyncOnce><DataProperties><lineage><Process ToolSource="C:\Programme\ArcGIS\ArcToolbox\Toolboxes\Conversion Tools.tbx\RasterToPolygon" Date="20100526" Time="140411">RasterToPolygon 1926-1950 E:\Projects\Koeppen_Scenarios\gis\1926-1950.shp NO_SIMPLIFY VALUE</Process></lineage></DataProperties></Esri></metadata>
