<?xml version="1.0"?>
<!--<!DOCTYPE metadata SYSTEM "http://www.esri.com/metadata/esriprof80.dtd">-->
<metadata xml:lang="de"><Esri><MetaID>{33715497-B381-4A4D-9030-EAB3C38325AB}</MetaID><CreaDate>20100526</CreaDate><CreaTime>14522800</CreaTime><SyncOnce>TRUE</SyncOnce><DataProperties><lineage><Process ToolSource="C:\Programme\ArcGIS\ArcToolbox\Toolboxes\Conversion Tools.tbx\RasterToPolygon" Date="20100526" Time="145228">RasterToPolygon Calculation E:\Projects\Koeppen_Scenarios\gis\2001-2025-B2.shp NO_SIMPLIFY VALUE</Process></lineage></DataProperties></Esri></metadata>
