<?xml version="1.0"?>
<!--<!DOCTYPE metadata SYSTEM "http://www.esri.com/metadata/esriprof80.dtd">-->
<metadata xml:lang="de"><Esri><MetaID>{62718472-DAFF-4AA5-A7D9-4F90E98A1AA3}</MetaID><CreaDate>20100526</CreaDate><CreaTime>15230600</CreaTime><SyncOnce>TRUE</SyncOnce><DataProperties><lineage><Process ToolSource="C:\Programme\ArcGIS\ArcToolbox\Toolboxes\Conversion Tools.tbx\RasterToPolygon" Date="20100526" Time="152306">RasterToPolygon Calculation E:\Projects\Koeppen_Scenarios\gis\2076-2100-B1.shp NO_SIMPLIFY VALUE</Process></lineage></DataProperties></Esri></metadata>
