<?xml version="1.0"?>
<!--<!DOCTYPE metadata SYSTEM "http://www.esri.com/metadata/esriprof80.dtd">-->
<metadata xml:lang="de"><Esri><MetaID>{260BC480-3F5E-4CDE-AB55-1BF222EFE257}</MetaID><CreaDate>20100526</CreaDate><CreaTime>15003400</CreaTime><SyncOnce>TRUE</SyncOnce><DataProperties><lineage><Process ToolSource="C:\Programme\ArcGIS\ArcToolbox\Toolboxes\Conversion Tools.tbx\RasterToPolygon" Date="20100526" Time="150034">RasterToPolygon Calculation E:\Projects\Koeppen_Scenarios\gis\2026-2050-B1.shp SIMPLIFY VALUE</Process></lineage></DataProperties></Esri></metadata>
