<?xml version="1.0"?>
<!--<!DOCTYPE metadata SYSTEM "http://www.esri.com/metadata/esriprof80.dtd">-->
<metadata xml:lang="de"><Esri><MetaID>{406490DB-E744-4B67-BBA5-3BCD7EE5C643}</MetaID><CreaDate>20100526</CreaDate><CreaTime>15192300</CreaTime><SyncOnce>TRUE</SyncOnce><DataProperties><lineage><Process ToolSource="C:\Programme\ArcGIS\ArcToolbox\Toolboxes\Conversion Tools.tbx\RasterToPolygon" Date="20100526" Time="151923">RasterToPolygon Calculation E:\Projects\Koeppen_Scenarios\gis\2076-2100-A1FI.shp NO_SIMPLIFY VALUE</Process></lineage></DataProperties></Esri></metadata>
