<?xml version="1.0"?>
<!--<!DOCTYPE metadata SYSTEM "http://www.esri.com/metadata/esriprof80.dtd">-->
<metadata xml:lang="de"><Esri><MetaID>{194EE7B2-460E-4FC9-80DF-CD485B3082BC}</MetaID><CreaDate>20100526</CreaDate><CreaTime>15145900</CreaTime><SyncOnce>TRUE</SyncOnce><DataProperties><lineage><Process ToolSource="C:\Programme\ArcGIS\ArcToolbox\Toolboxes\Conversion Tools.tbx\RasterToPolygon" Date="20100526" Time="151459">RasterToPolygon Calculation E:\Projects\Koeppen_Scenarios\gis\2051-2075-B1.shp NO_SIMPLIFY VALUE</Process></lineage></DataProperties></Esri></metadata>
