<?xml version="1.0"?>
<!--<!DOCTYPE metadata SYSTEM "http://www.esri.com/metadata/esriprof80.dtd">-->
<metadata xml:lang="de"><Esri><CreaDate>20100526</CreaDate><CreaTime>14341600</CreaTime><SyncOnce>TRUE</SyncOnce><DataProperties><lineage><Process ToolSource="C:\Programme\ArcGIS\ArcToolbox\Toolboxes\Conversion Tools.tbx\RasterToPolygon" Date="20100526" Time="141253">RasterToPolygon 1951-1975 "C:\Dokumente und Einstellungen\mkottek\Lokale Einstellungen\Temp\RasterT_calc141.shp" NO_SIMPLIFY VALUE</Process></lineage></DataProperties><MetaID>{623F00C3-15AF-4B0F-96E3-BA909450D81E}</MetaID></Esri><idinfo><citation><citeinfo><onlink Sync="TRUE"></onlink></citeinfo></citation></idinfo><distInfo><distributor><distorTran><onLineSrc><linkage Sync="TRUE">file://</linkage><protocol Sync="TRUE">Local Area Network</protocol></onLineSrc></distorTran></distributor></distInfo><dataqual><lineage><procstep><procdesc Sync="TRUE">Dataset copied.</procdesc><srcused Sync="TRUE"></srcused><procdate Sync="TRUE">20100526</procdate><proctime Sync="TRUE">14304700</proctime></procstep><procstep><procdesc Sync="TRUE">Dataset copied.</procdesc><srcused Sync="TRUE"></srcused><procdate Sync="TRUE">20100526</procdate><proctime Sync="TRUE">14341600</proctime></procstep></lineage></dataqual></metadata>
