<?xml version="1.0"?>
<!--<!DOCTYPE metadata SYSTEM "http://www.esri.com/metadata/esriprof80.dtd">-->
<metadata xml:lang="de"><Esri><MetaID>{75E08FC6-8C86-49B5-8F61-147A592B6FD8}</MetaID><CreaDate>20100526</CreaDate><CreaTime>15125400</CreaTime><SyncOnce>TRUE</SyncOnce><DataProperties><lineage><Process ToolSource="C:\Programme\ArcGIS\ArcToolbox\Toolboxes\Conversion Tools.tbx\RasterToPolygon" Date="20100526" Time="151254">RasterToPolygon Calculation E:\Projects\Koeppen_Scenarios\gis\2051-2075-A2.shp NO_SIMPLIFY VALUE</Process></lineage></DataProperties></Esri></metadata>
