<?xml version="1.0"?>
<!--<!DOCTYPE metadata SYSTEM "http://www.esri.com/metadata/esriprof80.dtd">-->
<metadata xml:lang="de"><Esri><MetaID>{25C96AB2-9B3E-4272-9C75-F6F56E4BFB47}</MetaID><CreaDate>20100526</CreaDate><CreaTime>15165500</CreaTime><SyncOnce>TRUE</SyncOnce><DataProperties><lineage><Process ToolSource="C:\Programme\ArcGIS\ArcToolbox\Toolboxes\Conversion Tools.tbx\RasterToPolygon" Date="20100526" Time="151655">RasterToPolygon Calculation E:\Projects\Koeppen_Scenarios\gis\2051-2075-B2.shp NO_SIMPLIFY VALUE</Process></lineage></DataProperties></Esri></metadata>
