<?xml version="1.0"?>
<!--<!DOCTYPE metadata SYSTEM "http://www.esri.com/metadata/esriprof80.dtd">-->
<metadata xml:lang="de"><Esri><MetaID>{4D623ED6-FE0E-4E53-A22C-AC4E7612B277}</MetaID><CreaDate>20100526</CreaDate><CreaTime>14490400</CreaTime><SyncOnce>TRUE</SyncOnce><DataProperties><lineage><Process ToolSource="C:\Programme\ArcGIS\ArcToolbox\Toolboxes\Conversion Tools.tbx\RasterToPolygon" Date="20100526" Time="144904">RasterToPolygon Calculation E:\Projects\Koeppen_Scenarios\gis\2001-2025-B1.shp SIMPLIFY VALUE</Process></lineage></DataProperties></Esri></metadata>
