<?xml version="1.0"?>
<!--<!DOCTYPE metadata SYSTEM "http://www.esri.com/metadata/esriprof80.dtd">-->
<metadata xml:lang="de"><Esri><MetaID>{93CDD798-DDC4-42B2-BC01-9D52700AE729}</MetaID><CreaDate>20100526</CreaDate><CreaTime>15244900</CreaTime><SyncOnce>TRUE</SyncOnce><DataProperties><lineage><Process ToolSource="C:\Programme\ArcGIS\ArcToolbox\Toolboxes\Conversion Tools.tbx\RasterToPolygon" Date="20100526" Time="152449">RasterToPolygon Calculation E:\Projects\Koeppen_Scenarios\gis\2076-2100-B2.shp NO_SIMPLIFY VALUE</Process></lineage></DataProperties></Esri></metadata>
