<?xml version="1.0"?>
<!--<!DOCTYPE metadata SYSTEM "http://www.esri.com/metadata/esriprof80.dtd">-->
<metadata xml:lang="de"><Esri><MetaID>{8C308A5F-12CA-43E1-A891-208AF7300330}</MetaID><CreaDate>20100526</CreaDate><CreaTime>15211700</CreaTime><SyncOnce>TRUE</SyncOnce><DataProperties><lineage><Process ToolSource="C:\Programme\ArcGIS\ArcToolbox\Toolboxes\Conversion Tools.tbx\RasterToPolygon" Date="20100526" Time="152117">RasterToPolygon Calculation E:\Projects\Koeppen_Scenarios\gis\2076-2100-A2.shp NO_SIMPLIFY VALUE</Process></lineage></DataProperties></Esri></metadata>
