<?xml version="1.0"?>
<!--<!DOCTYPE metadata SYSTEM "http://www.esri.com/metadata/esriprof80.dtd">-->
<metadata xml:lang="de"><Esri><MetaID>{4665509A-C771-4FDC-81FA-270F33F25C71}</MetaID><CreaDate>20100526</CreaDate><CreaTime>14472700</CreaTime><SyncOnce>TRUE</SyncOnce><DataProperties><lineage><Process ToolSource="C:\Programme\ArcGIS\ArcToolbox\Toolboxes\Conversion Tools.tbx\RasterToPolygon" Date="20100526" Time="144727">RasterToPolygon Calculation E:\Projects\Koeppen_Scenarios\gis\2001-2025-A2.shp SIMPLIFY VALUE</Process></lineage></DataProperties></Esri></metadata>
