<?xml version="1.0"?>
<!--<!DOCTYPE metadata SYSTEM "http://www.esri.com/metadata/esriprof80.dtd">-->
<metadata xml:lang="de"><Esri><MetaID>{C6547016-FC38-4A87-B4C3-5BCD038C20EB}</MetaID><CreaDate>20100526</CreaDate><CreaTime>14430000</CreaTime><SyncOnce>TRUE</SyncOnce><DataProperties><lineage><Process ToolSource="C:\Programme\ArcGIS\ArcToolbox\Toolboxes\Conversion Tools.tbx\RasterToPolygon" Date="20100526" Time="144300">RasterToPolygon Calculation E:\Projects\Koeppen_Scenarios\gis\2001-2025-A1FI.shp NO_SIMPLIFY VALUE</Process></lineage></DataProperties></Esri></metadata>
