<?xml version="1.0"?>
<!--<!DOCTYPE metadata SYSTEM "http://www.esri.com/metadata/esriprof80.dtd">-->
<metadata xml:lang="de"><Esri><CreaDate>20100526</CreaDate><CreaTime>13592400</CreaTime><SyncOnce>TRUE</SyncOnce><DataProperties><lineage><Process ToolSource="C:\Programme\ArcGIS\ArcToolbox\Toolboxes\Conversion Tools.tbx\RasterToPolygon" Date="20100526" Time="134303">RasterToPolygon 1901-1925 "C:\Dokumente und Einstellungen\mkottek\Eigene Dateien\GIS\Koeppen-Geiger-GIS\1901-1925.shp" NO_SIMPLIFY VALUE</Process></lineage></DataProperties><MetaID>{E9D1C91D-6777-44B1-801F-554B4D2A331F}</MetaID></Esri><idinfo><citation><citeinfo><onlink Sync="TRUE">\\A015r3-3695\E\Projects\Koeppen_Scenarios\gis\1901-1925</onlink></citeinfo></citation></idinfo><distInfo><distributor><distorTran><onLineSrc><linkage Sync="TRUE">file://\\A015r3-3695\E\Projects\Koeppen_Scenarios\gis\1901-1925</linkage><protocol Sync="TRUE">Local Area Network</protocol></onLineSrc></distorTran></distributor></distInfo><dataqual><lineage><procstep><procdesc Sync="TRUE">Dataset copied.</procdesc><srcused Sync="TRUE">C:\Dokumente und Einstellungen\mkottek\Eigene Dateien\GIS\Koeppen-Geiger-GIS\1901-1925</srcused><procdate Sync="TRUE">20100526</procdate><proctime Sync="TRUE">13592400</proctime></procstep></lineage></dataqual></metadata>
