<?xml version="1.0"?>
<!--<!DOCTYPE metadata SYSTEM "http://www.esri.com/metadata/esriprof80.dtd">-->
<metadata xml:lang="de"><Esri><MetaID>{DFD0A85A-B6D6-4A76-8302-569A55EA644C}</MetaID><CreaDate>20100526</CreaDate><CreaTime>14572800</CreaTime><SyncOnce>TRUE</SyncOnce><DataProperties><lineage><Process ToolSource="C:\Programme\ArcGIS\ArcToolbox\Toolboxes\Conversion Tools.tbx\RasterToPolygon" Date="20100526" Time="145728">RasterToPolygon Calculation E:\Projects\Koeppen_Scenarios\gis\2026-2050-A2.shp NO_SIMPLIFY VALUE</Process></lineage></DataProperties></Esri></metadata>
