<?xml version="1.0"?>
<!--<!DOCTYPE metadata SYSTEM "http://www.esri.com/metadata/esriprof80.dtd">-->
<metadata xml:lang="de"><Esri><MetaID>{05EB10EE-FE1C-4171-8B8E-56BCA7C65F79}</MetaID><CreaDate>20100526</CreaDate><CreaTime>15083700</CreaTime><SyncOnce>TRUE</SyncOnce><DataProperties><lineage><Process ToolSource="C:\Programme\ArcGIS\ArcToolbox\Toolboxes\Conversion Tools.tbx\RasterToPolygon" Date="20100526" Time="150837">RasterToPolygon Calculation E:\Projects\Koeppen_Scenarios\gis\2026-2050-B2.shp NO_SIMPLIFY VALUE</Process></lineage></DataProperties></Esri></metadata>
